target,classes,prob_cols,logloss,n
Q2,"[0, 1]","[""Q2_pred""]",0.6868061504101431,450
Q1,"[0, 1]","[""Q1_pred""]",0.6686291976944828,450
Q3,"[0, 1]","[""Q3_pred""]",0.6676126024350986,450
S4,"[0, 1]","[""S4_pred""]",0.6407682241170477,450
S1,"[0, 1]","[""S1_pred""]",0.5833392851909619,450
S2,"[0, 1]","[""S2_pred""]",0.5720196294010215,450
S3,"[0, 1]","[""S3_pred""]",0.5480211607847548,450
