target,global_prior,log_loss,accuracy,f1,n
Q1,0.4955555555555556,0.6931076738668435,0.5044444444444445,0.0,450
Q2,0.5622222222222222,0.685383860076707,0.5622222222222222,0.7197724039829303,450
Q3,0.6,0.6730116670092563,0.6,0.75,450
S1,0.6822222222222222,0.6251830480167294,0.6822222222222222,0.8110964332892999,450
S2,0.6511111111111111,0.6467561030272874,0.6511111111111111,0.7886944818304172,450
S3,0.6622222222222223,0.6395504757704888,0.6622222222222223,0.7967914438502673,450
S4,0.56,0.6859298002523729,0.56,0.717948717948718,450
