subject_id,0,1
id01,0.5609756097560976,0.43902439024390244
id02,0.4583333333333333,0.5416666666666666
id03,0.15151515151515152,0.8484848484848485
id04,0.43859649122807015,0.5614035087719298
id05,0.38636363636363635,0.6136363636363636
id06,0.8541666666666666,0.14583333333333334
id07,0.4897959183673469,0.5102040816326531
id08,0.5892857142857143,0.4107142857142857
id09,0.4878048780487805,0.5121951219512195
id10,0.5151515151515151,0.48484848484848486
