subject_id,0,1
id01,0.43902439024390244,0.5609756097560976
id02,0.3333333333333333,0.6666666666666666
id03,0.18181818181818182,0.8181818181818182
id04,0.5087719298245614,0.49122807017543857
id05,0.5681818181818182,0.4318181818181818
id06,0.6041666666666666,0.3958333333333333
id07,0.4897959183673469,0.5102040816326531
id08,0.21428571428571427,0.7857142857142857
id09,0.5609756097560976,0.43902439024390244
id10,0.45454545454545453,0.5454545454545454
