subject_id,0,1
id01,0.4146341463414634,0.5853658536585366
id02,0.2708333333333333,0.7291666666666666
id03,0.2727272727272727,0.7272727272727273
id04,0.22807017543859648,0.7719298245614035
id05,0.3181818181818182,0.6818181818181818
id06,0.5,0.5
id07,0.4897959183673469,0.5102040816326531
id08,0.5535714285714286,0.44642857142857145
id09,0.5609756097560976,0.43902439024390244
id10,0.36363636363636365,0.6363636363636364
