subject_id,0,1
id01,0.36585365853658536,0.6341463414634146
id02,0.125,0.875
id03,0.18181818181818182,0.8181818181818182
id04,0.24561403508771928,0.7543859649122807
id05,0.5227272727272727,0.4772727272727273
id06,0.0625,0.9375
id07,0.20408163265306123,0.7959183673469388
id08,0.5535714285714286,0.44642857142857145
id09,0.43902439024390244,0.5609756097560976
id10,0.5151515151515151,0.48484848484848486
