subject_id,0,1
id01,0.4146341463414634,0.5853658536585366
id02,0.08333333333333333,0.9166666666666666
id03,0.48484848484848486,0.5151515151515151
id04,0.2982456140350877,0.7017543859649122
id05,0.75,0.25
id06,0.08333333333333333,0.9166666666666666
id07,0.2857142857142857,0.7142857142857143
id08,0.39285714285714285,0.6071428571428571
id09,0.21951219512195122,0.7804878048780488
id10,0.6363636363636364,0.36363636363636365
