subject_id,0,1
id01,0.14634146341463414,0.8536585365853658
id02,0.10416666666666667,0.8958333333333334
id03,0.5151515151515151,0.48484848484848486
id04,0.45614035087719296,0.543859649122807
id05,0.8636363636363636,0.13636363636363635
id06,0.041666666666666664,0.9583333333333334
id07,0.20408163265306123,0.7959183673469388
id08,0.3392857142857143,0.6607142857142857
id09,0.2926829268292683,0.7073170731707317
id10,0.5151515151515151,0.48484848484848486
