subject_id,0,1
id01,0.5121951219512195,0.4878048780487805
id02,0.25,0.75
id03,0.8484848484848485,0.15151515151515152
id04,0.49122807017543857,0.5087719298245614
id05,0.5909090909090909,0.4090909090909091
id06,0.14583333333333334,0.8541666666666666
id07,0.5306122448979592,0.46938775510204084
id08,0.39285714285714285,0.6071428571428571
id09,0.4146341463414634,0.5853658536585366
id10,0.3333333333333333,0.6666666666666666
