target,subject_prior_min,subject_prior_max,subject_prior_range,subject_prior_std
Q1,0.14583333333333334,0.8484848484848485,0.7026515151515151,0.1754376331804573
Q2,0.3958333333333333,0.8181818181818182,0.4223484848484849,0.1469002923071298
Q3,0.43902439024390244,0.7719298245614035,0.332905434317501,0.12389849429955557
S1,0.44642857142857145,0.9375,0.49107142857142855,0.1802404884789309
S2,0.25,0.9166666666666666,0.6666666666666666,0.21859338543957377
S3,0.13636363636363635,0.9583333333333334,0.821969696969697,0.24749041517121087
S4,0.15151515151515152,0.8541666666666666,0.7026515151515151,0.19474947265301112
