target_1,target_2,both_positive_ratio
Q1,Q2,0.3088888888888889
Q1,Q3,0.32222222222222224
Q1,S1,0.4222222222222222
Q1,S2,0.34
Q1,S3,0.3
Q1,S4,0.2822222222222222
Q2,Q3,0.42
Q2,S1,0.39555555555555555
Q2,S2,0.36666666666666664
Q2,S3,0.36
Q2,S4,0.3088888888888889
Q3,S1,0.42444444444444446
Q3,S2,0.39111111111111113
Q3,S3,0.39111111111111113
Q3,S4,0.3377777777777778
S1,S2,0.5288888888888889
S1,S3,0.4777777777777778
S1,S4,0.4066666666666667
S2,S3,0.52
S2,S4,0.4777777777777778
S3,S4,0.39111111111111113
