status,auc_mean,auc_std,fold_scores
ok,0.5677555555555556,0.035474379556776965,0.53167|0.57311|0.53933|0.63200|0.56267
