subject_id,train_rows,test_rows,total_rows,test_train_ratio
id01,41,27,68,0.6585365853658537
id02,48,32,80,0.6666666666666666
id03,33,21,54,0.6363636363636364
id04,57,27,84,0.47368421052631576
id05,44,21,65,0.4772727272727273
id06,48,24,72,0.5
id07,49,30,79,0.6122448979591837
id08,56,19,75,0.3392857142857143
id09,41,27,68,0.6585365853658537
id10,33,22,55,0.6666666666666666
