target,class,count,ratio
Q1,0,227,0.5044444444444445
Q1,1,223,0.4955555555555556
Q2,0,197,0.43777777777777777
Q2,1,253,0.5622222222222222
Q3,0,180,0.4
Q3,1,270,0.6
S1,0,143,0.31777777777777777
S1,1,307,0.6822222222222222
S2,0,157,0.3488888888888889
S2,1,293,0.6511111111111111
S3,0,152,0.3377777777777778
S3,1,298,0.6622222222222223
S4,0,198,0.44
S4,1,252,0.56
