target,n_total_rows,n_valid,n_missing,missing_ratio,n_classes,majority_class,majority_ratio,class1_ratio_if_exists,imbalance_gap_majority_minus_uniform
Q1,450,450,0,0.0,2,0,0.5044444444444445,0.4955555555555556,0.004444444444444473
Q2,450,450,0,0.0,2,1,0.5622222222222222,0.5622222222222222,0.06222222222222218
Q3,450,450,0,0.0,2,1,0.6,0.6,0.09999999999999998
S1,450,450,0,0.0,2,1,0.6822222222222222,0.6822222222222222,0.18222222222222217
S2,450,450,0,0.0,2,1,0.6511111111111111,0.6511111111111111,0.15111111111111108
S3,450,450,0,0.0,2,1,0.6622222222222223,0.6622222222222223,0.16222222222222227
S4,450,450,0,0.0,2,1,0.56,0.56,0.06000000000000005
