target,class,count,ratio
Q1,0,227,0.5044444444444445
Q1,1,223,0.4955555555555556
