target,class,count,ratio
Q2,0,197,0.43777777777777777
Q2,1,253,0.5622222222222222
