target,class,count,ratio
S1,0,143,0.31777777777777777
S1,1,307,0.6822222222222222
