target,class,count,ratio
S2,0,157,0.3488888888888889
S2,1,293,0.6511111111111111
