target,class,count,ratio
S3,0,152,0.3377777777777778
S3,1,298,0.6622222222222223
