sensor,column,row_count,subject_count,non_null_count,missing_ratio,parsed_length_mean,parsed_length_std,parsed_length_max,zero_length_ratio
mAmbience,m_ambience,476577,10,476577,0.0,10.0,0.0,10,0.0
mBle,m_ble,21830,10,21830,0.0,20.020797068254694,25.127356725023386,196,9.161704076958314e-05
mGps,m_gps,800611,10,800611,0.0,10.675511578032278,3.111491369992983,20,0.0
mUsageStats,m_usage_stats,45197,10,45197,0.0,3.505232648184614,2.1223006234388375,21,0.0
mWifi,m_wifi,76336,10,76336,0.0,16.63705198071683,12.937535112702053,199,0.0
wHr,heart_rate,382918,10,382918,0.0,52.211162703241946,17.225452299504234,61,0.0
