target,class,global_prior_prob
Q1,0,0.5044444444444445
Q1,1,0.4955555555555556
Q2,0,0.43777777777777777
Q2,1,0.5622222222222222
Q3,0,0.4
Q3,1,0.6
S1,0,0.31777777777777777
S1,1,0.6822222222222222
S2,0,0.3488888888888889
S2,1,0.6511111111111111
S3,0,0.3377777777777778
S3,1,0.6622222222222223
S4,0,0.44
S4,1,0.56
