target,n,label_0_count,label_0_ratio,label_1_count,label_1_ratio
Q1,450,227,0.5044444444444445,223,0.4955555555555556
Q2,450,197,0.43777777777777777,253,0.5622222222222222
Q3,450,180,0.4,270,0.6
S1,450,143,0.31777777777777777,307,0.6822222222222222
S2,450,157,0.3488888888888889,293,0.6511111111111111
S3,450,152,0.3377777777777778,298,0.6622222222222223
S4,450,198,0.44,252,0.56
