label,count,ratio
0,227,0.5044444444444445
1,223,0.4955555555555556
