label,count,ratio
0,197,0.43777777777777777
1,253,0.5622222222222222
