label,count,ratio
0,143,0.31777777777777777
1,307,0.6822222222222222
