label,count,ratio
0,157,0.3488888888888889
1,293,0.6511111111111111
