label,count,ratio
0,152,0.3377777777777778
1,298,0.6622222222222223
